account_id,amount
1,375174.5
2,3151479.3
3,295021.8
4,350971.4
5,166881.4
6,647567.1
7,1192039.9
8,1712906.1
9,696434.1
10,1040605.1
11,258100.1
12,216751.3
13,208214.0
14,785858.0
15,2329572.9
16,661403.9
17,413049.2
18,3728698.3
19,1575515.9
20,154748.1
21,298432.3
22,2099466.5
23,3195860.0
24,688130.6
25,2958545.1
26,3471037.4
27,1204954.1
29,1885934.7
30,4561803.2
31,5807677.5
32,1378941.7
33,3231984.8
34,4342630.5
35,697962.1
36,2793004.2
37,948153.9
38,571949.7
39,813539.5
40,906112.9
41,555118.1
42,594994.0
43,2841686.7
44,549417.4
45,133399.9
47,4933893.4
48,1197219.7
49,183161.8
50,1916904.2
51,1322341.9
52,1264703.4
53,360117.8
54,282774.6
55,298743.1
56,1761908.4
57,1955860.5
58,317481.5
59,1802380.3
61,474569.4
62,698825.5
63,224733.0
64,217929.8
65,1357447.1
66,5879317.1
67,4518164.0
68,3645529.5
69,501135.0
70,915220.5
71,2695794.5
72,3287344.5
73,2564580.1
75,1085885.5
76,580225.5
77,927946.7
78,2469475.5
79,191741.9
80,243699.1
81,235062.6
82,4840822.3
83,1417958.1
84,2374913.6
85,311173.7
86,444893.8
88,184674.3
89,159211.9
90,2839833.8
91,537083.8
93,488768.1
95,2284009.9
96,6749839.0
97,1229256.4
98,172400.0
99,2513972.1
100,1691589.5
101,1278555.4
102,1768074.4
103,1714751.3
104,402613.1
105,493759.89999999997
106,1854776.6
107,1057995.2
108,1532824.5
109,203518.1
110,1429397.7
112,884698.7
113,351151.9
114,155708.9
115,1235574.0
116,1607829.2
117,623402.6
118,134555.8
119,3110253.4
120,2127815.9
121,117127.7
122,1244001.2
123,654432.6
124,89502.3
125,1902746.4
126,3166473.4
127,387643.0
128,814869.9
129,193875.4
130,275453.8
131,955769.0
132,2535955.1
133,1341992.3
134,235735.5
135,742484.0
136,374618.3
137,1422931.7
138,54000.0
139,1334275.6
140,333222.6
141,2190432.8
142,629122.4
143,227380.9
144,1533259.6
145,658679.1
146,780271.2
148,440791.7
149,122913.9
150,544394.0
151,722577.4
152,401486.6
153,1887223.2
154,1594109.1
155,464116.9
156,84418.0
157,260418.6
158,2405393.8
159,980210.5
160,1847752.5
161,472950.3
162,655451.8
163,930518.7
164,281452.5
165,878267.5
166,240345.2
167,2755587.3
168,404885.4
169,1054678.1
170,1081240.2
171,362097.3
172,3083077.8
173,2581448.7
174,173367.8
176,2890719.2
177,588663.2
178,80837.2
179,1242390.3
180,3209816.5
181,709781.7
182,29400.0
183,1895868.6
184,1406497.2
185,694316.5
186,5133105.8
187,564101.1
188,2817165.5
189,862955.4
190,1726292.1
191,1951553.0
192,816555.7
193,556318.6
194,289132.8
195,666561.5
196,1761790.3
197,3280579.2
198,522853.3
199,133198.8
200,1042536.6
201,1715237.6
204,185364.2
205,222059.1
206,556096.2
207,819144.5
208,1083135.9
209,217270.6
210,1197479.7
211,1415758.6
212,7619102.4
213,2092213.8
214,119958.2
215,70715.4
216,702212.7
217,1127268.1
218,3620095.8
219,1488080.0
220,699300.5
221,1176751.3
222,5135581.3
223,628534.7
224,286519.6
225,1034056.6
226,933119.9
227,4315032.8
228,2917856.9
229,189471.3
230,1298899.9
231,270239.8
232,579514.5
234,749263.5
235,414574.5
236,66400.0
237,325266.9
238,419503.0
239,5026138.8
240,983262.8
241,255559.4
242,1382490.1
243,4925410.0
244,691509.0
245,3190180.9
246,92916.3
248,2415048.7
249,958831.8
250,250434.5
251,691617.9
252,236203.0
253,1721152.7
255,2089323.1
256,1783951.1
257,1630329.7
258,203124.9
259,804452.9
260,807295.4
261,213421.6
262,59200.0
263,1670937.0
264,496339.5
265,352648.1
266,6031363.8
267,416819.4
268,1764435.2
269,242761.8
270,2366861.2
271,352287.8
272,1102189.1
273,2030120.5
274,2827165.8
275,232502.6
276,725928.6
277,3246659.2
278,1415731.7
279,389753.4
280,1893090.0
281,652903.8
282,822099.2
283,288568.4
284,742381.2
285,1825487.6
286,1663061.4
287,560276.4
288,462674.9
289,2140920.0
290,4172353.1
291,2604409.9
292,189675.0
293,493799.5
294,743204.4
295,581855.7
296,291817.4
297,377907.2
298,340272.7
299,5390884.4
300,856208.9
301,211533.2
302,401803.4
303,976958.1
304,1510171.6
305,217330.9
306,857137.5
307,754118.1
308,95781.1
309,832412.9
311,555256.9
312,916078.5
313,186414.4
314,2804883.3
315,37400.0
316,285362.4
317,806433.2
318,679588.7
319,3366551.2
320,297215.6
321,626013.1
322,2528654.6
323,284633.4
324,263173.6
325,300137.8
326,168582.9
327,2288990.4
328,199159.7
329,1296157.2
330,1213686.9
331,514694.9
332,324656.3
333,127654.0
334,2644339.6
335,379271.4
336,1489941.5
337,2135448.5
338,273713.9
339,2782006.6
340,692452.6
341,834285.2
342,167310.6
343,494115.7
344,1841453.6
345,2177047.7
346,3061569.6
347,3945704.7
348,1423639.5
349,341595.2
350,310851.5
351,341339.0
352,459264.4
353,479205.0
354,1538953.6
355,1101564.2
356,1273212.3
357,188912.7
358,403771.2
359,493032.0
360,1606261.9
361,3590897.7
362,1591530.8
363,4666559.4
364,132081.6
365,2330729.9
366,1209016.4
367,575085.3
368,1215358.2
370,350514.6
371,298040.1
372,1933257.4
373,707292.6
374,3577502.2
375,344376.3
376,2401238.8
377,4329990.5
378,3926899.9
379,260910.2
381,1176374.6
382,169103.5
383,102196.4
384,1625510.0
385,464184.1
386,594958.4
387,683203.8
388,1133947.2
389,948633.4
390,4524435.9
391,810766.1
392,890464.9
393,2513596.5
395,3310234.9
396,3468105.1
397,4138757.9
398,123481.4
399,1779673.1
400,1948571.1
401,1970208.8
402,637536.0
403,669162.5
404,3102913.8
405,1579672.6
406,163091.3
407,746720.6
408,1871960.8
409,667441.8
410,284613.7
411,2842599.4
412,2232405.7
413,279052.0
414,1327539.8
415,2026414.9
416,268674.1
417,2470772.7
418,1805128.3
419,707012.4
420,997360.2
421,231654.9
422,2788856.3
423,391347.0
424,1084645.1
425,1037500.3
426,3107443.3
427,2609789.7
428,890009.2
429,1551820.7
430,95037.4
431,1020242.2
432,1030142.5
433,695449.5
434,550787.7
435,702650.3
436,505832.3
437,3108492.9
438,224522.6
439,408083.2
440,817691.3
441,5860452.4
442,804588.1
443,425353.7
444,505498.8
445,2688846.0
446,3432039.3
447,1190308.6
449,430326.8
450,261487.5
451,124183.0
452,2519510.9
453,991031.7
454,913892.7
455,1217997.1
456,7338613.4
458,1495780.8
459,83500.0
460,632107.3
461,843300.7
462,2758800.4
463,2134149.5
464,186486.3
465,2107502.2
466,93700.0
467,1493660.2
468,1574373.9
469,176621.6
470,1070431.3
471,950420.6
472,2790997.8
473,653193.5
474,331065.9
475,154090.3
476,49400.0
477,2506673.2
478,2657396.7
479,223904.3
480,1193244.7
481,377790.0
483,89598.6
484,972642.5
485,5547435.1
486,537756.1
487,1889148.8
488,76900.0
489,2367275.5
490,254090.0
491,1323252.5
492,808483.3
493,2121899.4
494,4308198.0
496,1009419.8
497,3173773.7
498,2852262.4
500,2034409.7
501,2600945.5
502,130149.7
503,887249.8
504,459425.4
505,145559.9
506,1045990.2
507,416256.2
508,234761.8
509,515524.0
510,3293483.9
511,919169.0
512,1033327.0
513,712454.2
514,860141.1
515,373397.4
516,451203.2
517,3222879.6
518,585964.8
519,839082.7
520,413003.5
521,5187497.1
522,846219.4
523,1623826.1
524,2297858.2
525,1810521.7
526,1003992.2
528,202052.8
529,224654.0
530,1344433.7
531,232315.1
532,3332288.0
533,747919.2
534,564074.4
535,2459090.0
536,239986.2
537,232866.7
538,429423.3
539,4099490.3
540,1152963.2
541,2794709.7
542,504175.7
543,475271.0
544,2191771.9
545,1489779.0
546,211764.5
547,101851.4
548,703062.0
549,748916.8
550,148547.4
551,726351.6
552,654186.5
553,506917.7
554,446030.2
555,3306288.2
556,679431.5
557,214169.1
558,599956.4
559,779793.9
560,879594.4
561,272037.3
562,1279065.2
563,1356583.3
564,466326.4
565,357023.7
566,1386970.0
567,407410.5
568,1163173.7
569,239658.6
570,517916.9
571,261745.7
572,2419038.6
573,848938.0
574,5774233.5
575,1122821.5
576,875619.3
577,1269827.1
578,848873.7
579,163127.7
580,579956.9
581,209970.4
582,434855.1
584,216409.1
585,55762.7
586,636134.7
587,70700.0
588,1198336.9
589,861304.8
590,860473.7
591,114186.1
592,260649.1
593,839267.7
594,286431.7
595,1940346.5
596,2056709.4
597,2593658.1
598,572482.3
599,635190.4
600,759171.4
601,427848.7
602,410929.1
603,814977.0
604,1109947.5
605,507097.3
606,652662.8
607,279598.5
608,400605.3
609,309176.4
610,2914210.5
611,105874.1
612,165688.6
613,753542.5
614,184167.7
615,188752.4
616,834181.2
617,1594522.6
618,1449523.9
619,2167148.4
620,83300.0
621,1630851.9
622,899477.8
623,423252.6
624,5643693.9
625,3182164.3
626,1043123.0
627,3389107.2
628,694740.5
629,481096.7
630,512873.6
631,303026.2
632,182246.1
633,359956.4
635,3544752.1
636,173201.2
637,202619.3
638,1565587.2
639,101157.4
640,561163.0
641,923691.0
643,207977.2
644,68893.0
645,1762582.7
646,738861.3
647,555596.8
648,2578844.4
649,3981438.8
650,634093.2
651,2665800.7
652,2218702.5
653,511348.2
654,577709.4
655,3520091.5
656,796971.4
657,859823.5
658,313405.8
659,198703.0
660,1223434.6
662,612628.5
664,296450.9
665,819495.5
666,1072921.3
669,166841.9
671,164697.5
672,58000.0
673,411696.2
674,364929.8
675,987951.7
676,503024.0
677,687225.0
678,1051965.6
679,575352.4
680,526211.2
682,97511.3
683,1431589.3
684,167345.4
685,2812755.0
686,1609201.6
687,854852.9
688,540340.5
689,2437754.2
690,1165436.3
691,376258.8
692,1055230.5
693,2094217.9
694,319156.7
695,1612036.6
696,128358.5
697,3299862.6
698,879237.6
699,4886608.0
700,623034.4
701,861547.6
702,549073.7
703,103796.7
704,2674889.2
705,249553.9
706,1233203.1
708,70800.0
709,2868876.0
710,481979.7
711,1276520.2
712,2250716.1
713,285397.2
714,285158.6
715,961338.2
716,2134684.2
717,3020900.4
718,2782376.0
719,493428.9
720,568393.4
721,409296.2
722,921581.1
725,274369.3
726,756321.1
727,35400.0
728,658420.8
729,116904.0
730,5678818.7
731,330020.1
732,1123137.7
733,3936514.1
734,212368.1
735,154432.8
736,84252.0
737,538701.2
738,3315772.8
739,1659841.4
740,119332.40000000001
741,987478.3
742,486869.4
743,538262.7
744,777748.7
745,121324.8
746,419188.5
747,732511.6
748,1674038.5
749,420133.8
750,2311748.1
751,576494.8
752,568231.0
753,361136.8
754,512753.7
755,758810.2
756,109621.2
757,1073863.5
758,42800.0
759,557248.6
760,432017.6
761,135630.2
762,447433.0
763,1184587.8
764,879858.7
765,252239.9
766,1357501.7
767,1834213.6
768,203875.5
770,538816.2
771,1498400.9
772,3661824.8
773,1883443.0
774,996502.5
775,2051997.0
776,1249710.2
777,1255282.1
778,77800.0
779,941114.6
780,1385291.1
781,276579.7
782,719866.8
783,123102.9
784,2815485.1
785,944036.4
786,1480478.9
787,932522.2
788,305112.7
789,594467.1
790,3769490.5
791,331034.3
792,139757.3
793,484704.4
794,106739.6
795,652105.9
796,374098.2
797,1856846.0
798,276049.8
799,71548.7
800,138152.7
801,234248.7
802,484703.9
803,2584422.1
804,617073.4
805,860923.7
806,163897.1
807,2084292.9
808,1387882.3
809,1499448.6
810,340464.7
811,1100801.6
812,1184532.6
813,1922343.1
814,352704.0
815,367037.7
816,5550743.7
817,2622704.6
819,1809283.5
820,1004978.3
821,297994.3
822,347790.4
823,77480.9
824,618022.2
825,1206337.6
826,506232.1
827,208726.1
828,656570.6
829,139971.2
830,2505434.4
831,173293.2
832,183861.6
833,291655.0
834,154910.0
836,436823.5
837,2915866.6
838,124027.6
839,2466102.0
840,1759599.2
841,689962.6
842,431708.0
843,147270.1
844,5667814.4
845,579279.0
846,2848798.6
847,428587.9
848,607520.1
849,1046089.2
850,1342892.8
851,3371285.7
852,72875.8
853,1181687.7
854,1414469.8
855,1774388.6
856,931931.2
857,560318.1
858,1416389.7
859,368036.6
860,1993173.1
861,2506370.8
862,6774346.9
863,5897550.7
864,227886.1
865,212837.3
866,1977944.8
867,747196.4
868,394380.9
869,41300.0
870,709739.8
871,1516438.5
872,302414.3
873,355596.8
874,1204572.5
875,536500.8
876,165581.8
877,440701.2
878,1496434.4
879,106285.3
880,908532.9
882,1724094.2
883,2143651.0
884,404011.2
885,2959750.8
886,2625507.3
887,607098.2
888,304112.0
889,96433.2
890,1127684.5
891,335583.6
892,814760.2
893,2065006.0
894,525347.2
895,189426.1
896,902042.2
897,4782138.9
898,1262723.8
899,2303831.9
900,1107816.8
901,468791.7
902,1182639.1
903,512308.9
904,2233567.0
905,478108.6
906,65874.1
907,510630.8
908,605079.7
909,75741.3
910,207706.9
911,1224147.8
912,124560.5
913,963152.6
914,404123.7
915,3941740.0
916,938230.6
917,681601.9
918,894320.5
919,502752.2
920,287494.4
921,339156.5
922,613141.4
923,376170.9
924,264498.6
925,2789268.9
926,226157.4
927,513708.3
928,1273703.9
929,1307421.3
930,2075398.8
931,787983.6
932,264201.8
933,465923.4
934,124864.4
935,139489.8
936,289711.6
937,332295.3
938,141869.6
939,311029.7
940,4031929.6
941,737334.1
942,784218.7
943,442661.3
944,2559008.5
945,579657.2
946,1348676.9
947,835683.1
949,1000649.2
950,2939306.4
951,273142.4
952,291228.5
953,312445.6
954,498327.2
955,875303.8
956,865464.5
957,301386.8
958,391462.9
959,302273.9
960,4387308.1
961,402122.1
962,766594.7
963,1072850.7
964,617353.6
965,715071.6
966,70429.3
967,1085163.2
968,894481.2
969,899960.7
970,588349.5
971,623763.9
972,149529.4
973,565248.0
974,3086569.6
975,261366.0
976,1558142.4
977,2145155.7
978,782319.1
979,2702553.7
980,575462.4
981,2187781.2
982,903108.6
984,726373.8
985,356305.5
986,371440.5
987,729214.3
988,663988.2
989,574933.8
990,1555709.9
991,3078121.2
992,904046.2
993,1188250.9
994,720626.1
995,255594.3
996,189600.5
997,172807.8
998,3323358.7
1000,4779742.9
1002,264403.0
1003,1182157.3
1004,3070249.2
1005,5339148.5
1006,647117.7
1007,618921.8
1008,305777.7
1009,3872824.9
1010,3551880.8
1011,2172101.1
1012,3092181.0
1013,174513.3
1014,392656.1
1015,255864.1
1016,2830862.5
1017,2367766.5
1018,594311.3
1019,3049962.2
1020,218714.2
1021,150131.5
1022,3370389.8
1023,2524495.6
1024,107633.0
1026,566998.4
1027,132592.6
1028,63000.0
1029,3496123.4
1030,434585.1
1031,1555953.7
1032,7327494.1
1033,94932.0
1034,325520.1
1035,791626.0
1036,1774228.1
1037,821110.6
1038,268003.0
1039,5955593.5
1040,2133655.4
1042,1478620.8
1043,784188.4
1044,1218452.7
1045,394393.5
1046,1126163.3
1047,804564.9
1048,810875.0
1049,102196.4
1050,3806547.7
1051,1760655.9
1052,920504.4
1053,1198962.9
1054,1502828.8
1055,131930.7
1056,674055.3
1057,579008.6
1058,1513364.4
1059,269935.4
1060,276448.6
1061,185448.2
1062,3265745.0
1063,417542.5
1064,157360.0
1065,840707.5
1066,2670734.9
1067,2845618.7
1068,867300.1
1069,586152.8
1070,1124427.2
1071,3758208.8
1072,318882.1
1073,1037564.8
1074,1411155.4
1075,656711.3
1076,1315862.0
1077,1019738.3
1078,381145.3
1079,3724848.5
1080,3101951.1
1081,193035.2
1082,298427.2
1083,672476.8
1085,420823.4
1086,154348.7
1087,1104890.0
1088,656462.7
1089,1109800.9
1090,387155.8
1091,143919.4
1092,1096208.6
1093,3633392.0
1094,338537.8
1095,786542.2
1096,262313.1
1097,1219320.3
1098,647312.4
1100,164599.1
1101,673758.6
1102,539912.4
1103,1897553.8
1104,1231185.0
1105,970777.8
1106,3544923.1
1107,800116.8
1108,384658.7
1109,1911961.0
1110,499059.7
1111,1500454.1
1112,1861304.7
1113,552419.1
1114,3047225.5
1115,461295.5
1116,1769555.7
1117,284945.7
1118,1096607.2
1120,654899.9
1121,1187374.9
1122,845428.6
1123,2189221.0
1124,3283487.5
1125,1418629.7
1126,872800.3
1127,3579832.7
1128,711724.3
1129,2416824.9
1130,216646.8
1132,7386440.3
1133,547735.5
1134,1848686.2
1135,381865.0
1136,4295198.4
1137,214703.0
1138,85220.0
1139,2920942.8
1140,143922.0
1141,173294.7
1142,302403.9
1144,465349.8
1145,370061.0
1146,3040729.6
1147,3338212.7
1149,337824.7
1150,124385.09999999999
1151,2113836.9
1152,435653.4
1153,1532801.7
1154,1793608.8
1155,311098.9
1156,496688.6
1157,869058.7
1158,696934.2
1159,1440201.5
1160,1777459.6
1161,777300.7
1164,873141.4
1165,597317.1
1166,2752879.3
1168,1070298.3
1169,4087574.4
1170,1743672.7
1171,397039.5
1172,176847.7
1173,180396.3
1174,2089986.3
1176,229024.5
1177,501452.1
1178,864957.9
1179,592081.7
1180,2176227.0
1181,249922.2
1182,781549.2
1183,506404.0
1184,4467812.0
1185,135442.5
1186,204154.5
1187,349605.0
1188,464909.2
1189,456259.9
1190,760479.8
1192,794327.1
1193,1887226.6
1194,2648963.1
1195,271871.2
1196,2476459.1
1197,588929.1
1198,825438.7
1199,260399.7
1200,3429795.5
1201,2110556.9
1203,1768390.1
1204,3091241.7
1205,513097.8
1206,398886.9
1207,2781940.0
1208,472745.0
1209,134852.8
1210,1344454.6
1211,473782.1
1212,486207.0
1213,292219.8
1214,786092.7
1215,205083.5
1216,287538.1
1217,374271.9
1218,1710319.4
1219,475245.9
1220,420991.5
1221,1535336.2
1222,895829.8
1223,767190.1
1225,2419347.7
1226,338147.6
1227,1076166.1
1228,432843.5
1229,411238.8
1230,1525047.0
1231,2193012.3
1232,223731.5
1233,228851.1
1234,805094.9
1235,522182.0
1236,776162.1
1237,4565111.4
1238,431875.7
1239,902936.7
1240,352244.4
1241,403655.5
1242,1753234.7
1243,357869.8
1244,386647.5
1245,283595.6
1246,611330.1
1247,4873625.0
1248,543664.9
1249,422774.8
1250,1636313.9
1251,1792350.4
1252,2160295.2
1253,753616.4
1254,3472132.2
1255,1318280.4
1256,1860759.9
1257,1502717.7
1258,149007.7
1259,641386.3
1260,739964.3
1261,2175959.0
1262,280346.6
1263,2320710.3
1264,777013.0
1265,425311.4
1266,1321106.6
1267,1186659.3
1268,555146.2
1269,1527343.4
1270,842845.0
1271,475935.6
1272,1653677.7
1273,2488294.1
1274,2292012.5
1275,313896.1
1276,1198314.5
1277,822424.6
1279,139290.3
1280,406644.6
1281,549216.2
1284,1097769.3
1285,2757773.3
1286,6610663.1
1287,2175200.1
1288,724505.9
1289,1456208.1
1291,507532.8
1292,1341897.7
1293,1370164.6
1294,1501133.0
1295,638326.0
1296,221302.7
1297,2823583.4
1298,934572.2
1299,545811.1
1301,475917.5
1302,720353.1
1303,187387.3
1304,1519421.9
1305,1402994.5
1306,1663252.7
1307,665754.6
1308,250150.9
1309,3786399.8
1310,513083.5
1311,1125768.6
1312,552369.0
1313,1758530.5
1314,2190046.4
1315,977977.2
1316,127543.7
1317,775423.6
1318,378125.6
1319,799353.3
1320,721830.0
1321,240988.0
1322,572844.5
1323,1369660.8
1324,997568.6
1325,167835.6
1326,300477.5
1327,651127.1
1328,2245658.5
1329,711363.6
1330,2095563.5
1331,1132789.7
1332,3307120.6
1333,1098854.2
1334,857979.6
1335,1244493.5
1336,814573.2
1337,934107.8
1338,4791785.7
1339,774052.7
1340,132077.4
1341,222272.3
1342,728660.7
1344,3443315.1
1345,3057264.2
1346,137233.1
1347,145196.1
1348,256976.5
1349,433675.2
1350,1317229.2
1351,197116.5
1352,2714397.2
1353,1949856.9
1354,157084.0
1355,613321.6
1356,266447.7
1357,324902.7
1358,421038.3
1359,132695.2
1360,749623.9
1361,1052503.5
1362,743964.9
1363,1057492.0
1365,293303.1
1366,1270735.6
1367,727383.1
1368,836081.6
1369,902643.4
1370,281240.7
1371,500442.2
1372,1164844.7
1373,385389.3
1374,2851976.2
1375,2428507.9
1376,303579.5
1377,173739.3
1378,3655499.1
1379,316779.2
1380,1714698.6
1381,494290.2
1382,388356.1
1383,420462.7
1384,2229142.6
1385,712392.7
1387,61891.3
1388,2547089.4
1389,1335993.8
1390,589742.9
1391,806924.0
1392,3428830.9
1393,454333.4
1394,558375.9
1395,526872.0
1396,2559352.2
1397,2607181.1
1398,103598.0
1399,634613.8
1401,853238.8
1402,1401842.2
1403,1282098.1
1404,3675545.5
1405,281480.5
1406,473780.9
1407,2589201.9
1408,2175213.5
1410,2845678.0
1411,1896568.1
1412,2076319.3
1413,1279449.0
1414,1606138.4
1416,4174277.8
1417,2461480.2
1418,519771.1
1419,705548.0
1420,415698.6
1421,725086.5
1422,770290.6
1423,477716.2
1424,720428.5
1425,1180124.8
1426,288172.1
1427,1012183.4
1429,407224.7
1430,36800.0
1431,431677.4
1432,1193051.9
1434,145052.3
1435,1179059.7
1436,603044.1
1437,343579.9
1438,631140.3
1439,208673.8
1440,495599.0
1441,603942.2
1442,2638174.7
1443,623026.8
1444,244707.3
1445,534091.0
1446,1754014.4
1447,608124.7
1448,88593.3
1449,932369.1
1450,385665.6
1451,848810.9
1452,1618061.4
1453,5975499.6
1454,45000.0
1455,570751.8
1456,3965442.2
1458,2153509.0
1459,122247.3
1460,241220.2
1461,2987416.6
1463,241181.5
1464,2845263.7
1465,368052.9
1466,128338.8
1467,2342303.6
1468,382281.1
1469,425053.0
1470,1555905.4
1471,1121047.5
1472,813310.5
1473,175348.7
1474,202972.8
1475,3289272.8
1476,865000.5
1477,437226.1
1478,1596801.6
1479,358306.5
1480,2083468.6
1481,432774.7
1482,1136242.7
1483,658949.9
1484,328531.5
1485,3420680.7
1486,1728781.5
1487,408298.1
1488,467993.1
1490,2086041.5
1491,568627.6
1492,222003.1
1493,715203.1
1494,713592.5
1495,3290693.6
1496,1489251.9
1497,1224750.0
1498,1258372.5
1499,1001385.9
1500,1261377.2
1501,304113.7
1502,1085916.6
1503,287921.6
1504,1459477.4
1505,1414587.1
1506,201257.2
1507,2981281.8
1508,2094555.6
1509,1703619.8
1510,1515537.8
1511,4931190.6
1512,1833007.1
1513,2081433.4
1514,197621.5
1515,3950605.1
1516,398899.3
1517,245076.9
1518,2487184.2
1519,1862766.8
1520,449586.5
1521,287312.8
1522,208811.4
1523,1003995.8
1524,171618.3
1525,245877.2
1526,744009.2
1527,3678761.3
1528,1201802.5
1529,298564.9
1530,466848.9
1532,823934.5
1534,2208369.0
1535,937831.6
1536,4318743.6
1537,412675.6
1538,3545794.0
1539,3634519.9
1540,2209439.5
1541,415555.3
1542,432105.5
1543,503444.0
1544,2677842.9
1545,3278715.0
1546,439011.8
1547,3113677.5
1548,282236.2
1549,745550.7
1550,569129.1
1551,219115.0
1552,3153102.4
1553,367838.5
1554,1868010.8
1555,275260.6
1556,274959.2
1557,247378.5
1558,375672.1
1559,2520012.1
1560,339984.3
1561,448600.7
1562,219767.9
1563,33400.0
1564,485810.5
1565,899085.6
1566,2161525.4
1567,699365.1
1568,1208379.5
1570,478092.2
1571,858072.1
1572,420771.1
1573,122035.5
1574,129713.5
1575,740969.2
1576,1336397.3
1577,239119.3
1578,367081.0
1579,1348458.7
1580,2358454.6
1581,856224.5
1582,369885.7
1583,3824773.6
1584,380458.8
1585,309738.39999999997
1586,962026.3
1587,768338.6
1588,542639.3
1589,108613.9
1590,1177720.9
1591,1708742.1
1592,413342.7
1593,155474.5
1594,804322.9
1596,125965.0
1597,541449.8
1598,1701250.9
1599,1954371.6
1600,340737.4
1601,560259.0
1602,603245.6
1603,1626580.4
1604,2273893.6
1605,6027802.8
1606,474171.7
1607,1619103.4
1608,135376.5
1609,162139.1
1610,3871815.4
1611,845669.9
1612,1536820.7
1613,468243.6
1614,1708961.5
1615,176500.2
1616,205944.9
1617,792569.5
1618,233538.6
1619,296850.1
1620,478177.0
1621,2090371.1
1622,480071.8
1623,1847307.2
1624,380631.9
1625,1246542.9
1626,2444819.7
1627,975109.9
1628,607974.6
1629,377460.7
1630,746424.1
1631,203691.4
1632,3506504.4
1633,467355.8
1634,1715572.5
1635,2350971.0
1636,962162.5
1637,802906.0
1638,751561.2
1640,1716609.0
1641,3621245.0
1642,546374.9
1644,2224111.9
1645,795278.7
1646,3273195.4
1647,237924.0
1648,209395.9
1649,791860.6
1650,480170.3
1651,977179.7
1652,823131.0
1653,2640523.2
1654,1239880.0
1655,1147945.6
1656,1180861.2
1657,69798.0
1658,413541.0
1659,255026.7
1660,2551620.6
1662,762260.8
1663,284763.3
1664,2931952.6
1665,233093.7
1666,729641.3
1667,308015.1
1668,204993.9
1669,502256.7
1670,276039.1
1671,889318.0
1672,1294210.1
1673,525072.2
1674,662583.9
1675,606061.7
1677,485076.6
1678,3475457.5
1679,786104.6
1680,2535464.1
1681,838855.1
1682,431002.7
1683,604322.5
1684,3238239.0
1685,1265868.2
1686,765860.1
1687,156747.6
1688,741214.8
1689,634204.5
1690,501500.0
1691,202377.6
1692,1661452.9
1693,1150432.3
1694,5169792.4
1695,6288972.0
1696,261877.1
1697,113402.6
1698,1354822.1
1699,727621.1
1700,1782804.9
1701,4288568.4
1702,879147.5
1703,137705.3
1704,527256.5
1705,2052772.4
1706,387671.6
1707,591340.1
1708,1527728.7
1709,1212683.6
1710,218162.5
1711,325756.9
1712,270679.2
1713,907736.9
1714,484741.9
1715,1949045.5
1716,1017289.1
1717,150049.9
1718,1345645.9
1719,519165.8
1720,33400.0
1721,124100.0
1722,1513294.6
1723,640075.5
1724,236032.9
1725,4352249.1
1726,2231006.5
1727,733448.9
1728,797005.2
1729,340173.2
1730,907082.4
1731,658253.4
1732,1593785.5
1733,1964599.2
1734,1035180.7
1735,42535.1
1736,250213.9
1737,893061.4
1738,164263.0
1739,1356402.0
1740,159590.1
1741,387521.6
1742,1938205.3
1743,540339.0
1744,378180.8
1745,1932190.0
1746,852899.1
1747,77081.1
1749,3747267.9
1750,3906271.8
1751,300640.3
1752,1151165.3
1753,300083.8
1754,2347329.1
1756,1474576.4
1757,4297859.3
1758,1570570.3
1759,716384.6
1760,320598.3
1761,1711884.5
1762,2516425.2
1763,1643369.2
1764,369727.8
1765,288398.9
1766,2192293.7
1767,2588862.1
1768,1504303.2
1769,560610.5
1770,2669886.5
1771,921600.3
1772,4837986.3
1773,578944.8
1774,168252.6
1775,963051.8
1776,481558.1
1777,1208896.5
1778,1536351.0
1779,3330429.9
1780,3758379.3
1781,405609.3
1782,818655.5
1783,294692.5
1784,892185.8
1785,222968.4
1786,2628673.7
1787,4108891.9
1788,535455.8
1789,135744.0
1790,369270.3
1791,997382.7
1792,717864.3
1793,1135650.3
1794,286587.2
1795,634104.1
1796,1622883.4
1797,1759071.6
1798,573619.0
1799,265570.5
1800,1345446.8
1801,4751818.5
1802,440551.8
1803,381742.2
1804,3919165.5
1805,3677224.2
1806,709677.0
1807,575764.7
1808,1226566.0
1809,2870499.8
1810,1538121.2
1811,3371901.1
1812,169121.0
1813,6083680.0
1814,145248.4
1815,2642219.8
1816,525726.3
1817,999217.8
1818,777148.5
1819,1577246.2
1820,2041723.8
1821,1979614.3
1822,683729.2
1823,252084.3
1824,3034006.9
1825,697851.4
1826,2332672.3
1827,589106.3
1828,4602266.4
1829,1169878.9
1830,1779708.6
1831,805566.5
1832,1502253.2
1833,141386.9
1834,2553905.9
1835,1633906.9
1836,1285376.9
1837,3162946.0
1838,2595636.8
1839,468176.1
1840,433702.8
1841,217933.7
1843,2764436.9
1844,441437.6
1845,1009617.3
1846,241998.8
1847,334104.9
1848,620435.6
1851,1102573.9
1852,456595.6
1853,292404.5
1854,868002.7
1855,247062.4
1856,332857.0
1857,252179.3
1858,597083.7
1859,466684.9
1860,139985.4
1861,2164170.4
1862,3798555.1
1863,378763.3
1865,693303.0
1866,377883.8
1867,1952018.2
1868,128794.1
1869,1528085.4
1870,2479046.2
1871,2802327.5
1872,397449.8
1874,421665.9
1875,581450.6
1876,590493.2
1877,747053.8
1878,2256653.6
1879,332114.4
1880,763947.1
1881,286253.1
1882,792840.1
1884,500252.4
1885,494793.4
1886,1966167.6
1887,1301054.6
1888,1674910.2
1889,507704.5
1890,1247407.9
1891,662092.5
1892,588630.0
1893,2605714.6
1894,1417660.8
1895,1125135.5
1896,3984612.8
1897,3522651.1
1898,1560257.1
1899,226862.8
1900,1497813.9
1901,1453766.2
1902,1568150.5
1903,268065.9
1904,602971.8
1905,1020851.0
1906,1763953.1
1907,789203.5
1908,655411.2
1909,449733.6
1910,1133615.6
1911,1843793.1
1912,783474.3
1913,294860.1
1914,762224.7
1915,421755.2
1916,517744.8
1917,302808.0
1918,827966.9
1919,2655956.9
1920,536303.6
1921,136317.5
1922,1331629.5
1924,266590.0
1925,743506.5
1926,813970.1
1927,264867.3
1928,735241.4
1929,170266.9
1930,839490.7
1931,1315048.5
1932,1012920.5
1933,229360.8
1934,1395377.6
1935,3011953.7
1936,245938.7
1937,651080.2
1938,2781682.7
1939,3411757.1
1940,549713.7
1941,2171199.5
1943,896312.8
1944,2717158.6
1945,1320040.0
1946,588700.1
1947,795874.6
1948,2877900.5
1949,1499888.9
1950,451846.4
1951,706315.6
1952,2018278.0
1953,1837377.9
1954,184898.0
1955,265038.9
1956,339469.2
1957,241597.2
1958,501533.1
1959,800770.1
1960,66594.8
1961,446004.9
1962,3351074.0
1963,1689581.0
1964,436983.8
1965,4724353.8
1966,3138221.1
1967,3681216.5
1968,372998.7
1969,1320480.4
1970,2924521.2
1971,952396.3
1972,752552.9
1973,167483.2
1974,70924.5
1975,1617527.1
1976,637984.8
1977,655384.4
1978,4863125.9
1979,422198.9
1980,782117.2
1981,387897.3
1982,593765.1
1983,522167.6
1984,1749801.7
1985,317244.8
1986,1189097.0
1987,2339931.4
1988,256681.9
1989,410191.6
1990,416628.6
1991,1135161.3
1992,217002.3
1993,2170199.8
1994,2921900.6
1995,166703.9
1996,1671654.9
1997,373414.9
1998,3314457.3
1999,3382164.4
2000,657152.0
2001,4647136.6
2002,799625.1
2003,3757352.3
2004,1458477.2
2005,171737.1
2006,168242.1
2007,1516887.4
2008,1856194.3
2009,2794212.5
2010,683757.3
2011,403539.3
2012,421524.9
2013,1246313.6
2015,625611.5
2016,173178.2
2017,394739.3
2018,568040.5
2019,105532.7
2020,666914.3
2021,47100.0
2022,593190.7
2023,3567959.1
2024,503705.5
2025,1661730.0
2026,773688.4
2027,488486.0
2028,2423687.1
2029,69100.0
2030,2454821.9
2032,433593.4
2033,793134.2
2034,1340954.9
2035,1959683.5
2036,194933.6
2037,2443572.3
2038,894757.0
2039,897003.1
2040,568739.1
2041,478434.5
2042,135173.4
2043,575065.8
2044,1942550.0
2045,330362.3
2046,208794.9
2047,404981.7
2048,637228.0
2049,226802.1
2050,2209448.7
2051,2893258.8
2052,1357534.3
2053,213430.2
2054,2013493.4
2055,460542.4
2056,2991306.1
2057,779274.1
2058,308894.5
2059,1224658.4
2060,816960.8
2061,685688.3
2062,3174046.1
2063,695181.9
2064,701742.5
2065,1138314.2
2066,252627.3
2067,761846.3
2068,595947.8
2069,498057.5
2070,1953856.5
2071,642450.9
2072,3251555.2
2073,576532.9
2074,1668846.3
2075,224291.6
2076,323562.1
2077,491304.39999999997
2078,2069886.6
2079,548050.9
2080,2093476.2
2081,150486.5
2082,2933583.8
2083,1404405.6
2084,1186873.1
2085,473477.8
2086,2766709.0
2087,3951956.9
2088,783122.5
2089,1303178.9
2090,242110.7
2091,306251.5
2092,2944839.8
2093,570075.0
2094,179226.1
2095,1524997.9
2096,1354561.2
2097,159946.1
2099,4869950.0
2101,250196.0
2102,729265.6
2103,282647.1
2104,793123.6
2105,311286.5
2106,926451.8
2107,591053.2
2108,920288.8
2109,361251.8
2110,424433.2
2111,3931480.8
2112,664670.7
2113,621338.4
2114,675073.3
2115,135863.4
2116,1641811.4
2117,743536.7
2118,919740.4
2119,794722.4
2121,2364237.8
2122,5550771.8
2123,413100.5
2124,3210763.7
2125,883072.6
2126,2017303.1
2127,141820.1
2128,653526.3
2130,1328054.4
2131,325199.0
2132,2916988.3
2133,114399.6
2134,762193.3
2135,407922.1
2136,289991.4
2137,2778360.8
2138,857024.8
2139,2649375.1
2140,543976.1
2141,980721.2
2142,647475.3
2143,1711435.0
2144,2470244.1
2146,2865713.3
2147,283395.3
2148,295790.6
2149,297021.4
2150,424715.2
2151,1043187.9
2152,116660.6
2153,2347123.1
2154,349379.8
2155,432384.6
2156,1392139.7
2157,1134619.3
2158,353232.8
2159,1746863.1
2160,521582.6
2161,1831737.7
2162,949547.9
2163,1936408.1
2164,1210873.3
2165,925404.4
2166,541478.8
2167,3352120.3
2169,860051.9
2170,6188135.5
2172,139611.0
2173,208815.8
2174,421790.4
2175,4853315.7
2176,4076265.9
2177,719223.4
2178,2099642.6
2179,2986155.8
2180,78500.0
2182,335558.2
2183,574437.8
2184,1038829.2
2185,476525.6
2186,709483.1
2187,3016412.4
2189,3049298.5
2190,2443134.5
2191,819692.6
2192,1516328.9
2193,346947.1
2194,906826.3
2195,1804491.0
2196,175498.2
2197,470521.7
2199,600966.3
2200,404814.9
2201,388239.5
2203,591898.3
2204,267635.1
2205,341762.4
2206,691802.6
2207,1662522.0
2208,101056.1
2209,3454795.0
2210,292625.3
2211,1354772.3
2212,347750.7
2213,1485161.6
2214,1006220.1
2215,150212.6
2216,5374333.9
2217,95300.0
2218,4380618.1
2219,7333024.6
2220,858571.1
2221,70196.3
2222,3733156.8
2223,308474.9
2224,1002637.9
2225,288211.4
2226,1429621.1
2227,5462143.7
2228,3214869.2
2229,755497.4
2230,335073.0
2231,182875.4
2232,654656.4
2233,387466.1
2234,133242.5
2235,748183.2
2236,1307127.2
2237,1387307.4
2239,1526466.9
2240,2104109.3
2241,1822768.3
2242,6546128.8
2243,1083612.7
2244,552628.2
2245,4887049.7
2246,2448279.9
2247,1614459.0
2250,2861923.8
2252,157830.1
2253,774810.7
2254,2748657.4
2255,222000.1
2256,667366.3
2257,398010.8
2258,299000.1
2259,480248.5
2260,1074345.7
2261,991414.8
2262,2552456.5
2263,1227973.8
2264,208639.3
2265,3517893.5
2266,1017732.6
2267,2682420.1
2268,2311198.0
2269,1361345.0
2270,210526.1
2271,356012.6
2272,202400.6
2274,371779.4
2275,748023.0
2276,560412.8
2278,887126.7
2279,2172713.9
2280,1503275.8
2281,1279994.0
2282,6391715.5
2285,377779.9
2286,558783.8
2287,1619575.9
2288,1594608.5
2289,1123093.2
2290,318520.6
2291,369676.7
2292,344331.3
2293,916984.1
2294,810868.8
2295,2295253.7
2296,646829.0
2297,437106.1
2298,3084163.7
2299,407115.1
2300,37700.0
2301,1651168.4
2302,1741471.3
2303,1059280.0
2304,1584503.8
2305,519144.6
2306,1701401.2
2307,420083.8
2309,1338472.0
2310,741507.9
2311,602955.5
2312,153673.6
2313,1919369.8
2314,719174.7
2315,493246.1
2316,141115.8
2317,149744.4
2318,3103922.2
2319,1732604.2
2321,5911059.8
2322,3132777.2
2323,2098252.3
2324,573801.1
2325,796619.7
2326,2285547.7
2327,2305033.4
2328,521277.8
2329,389187.1
2330,470551.7
2331,266337.6
2332,520418.7
2333,833483.4
2334,1163644.9
2335,1033905.6
2336,862798.9
2337,757224.8
2338,1196879.1
2339,303086.4
2340,318627.3
2341,211615.9
2342,438702.5
2343,1261085.0
2344,274613.1
2345,2684995.8
2346,1069367.1
2347,357636.7
2348,1108454.4
2349,325902.2
2350,2190575.6
2351,634767.1
2352,2037010.8
2353,1285049.2
2354,812791.0
2355,4351446.5
2356,845445.1
2357,903979.0
2358,806614.3
2359,380102.9
2360,1176314.1
2361,1193211.4
2362,141624.2
2363,681404.1
2364,508014.8
2365,490495.0
2366,188401.4
2367,1942316.2
2369,530302.6
2370,530865.4
2371,472171.7
2372,152046.4
2373,248339.7
2374,235602.9
2375,2751616.4
2376,1130361.3
2377,415666.9
2378,5315969.9
2379,835185.4
2380,367437.1
2381,810146.3
2382,693188.5
2383,741851.9
2384,4937619.0
2385,994247.0
2386,863581.0
2387,288158.6
2388,441524.6
2389,1430558.3
2390,2667610.6
2391,244948.5
2392,266645.7
2393,1701185.7
2394,494595.4
2395,514817.9
2396,578337.7
2397,376797.8
2398,295199.6
2399,782350.4
2400,225950.7
2401,685973.1
2402,153449.8
2403,425038.1
2404,531157.5
2405,620871.1
2406,291872.1
2407,685113.0
2408,796842.1
2409,747611.7
2410,762536.2
2411,3164103.9
2413,463341.5
2414,264788.9
2415,711641.1
2416,1305635.2
2417,702557.5
2418,2842683.0
2419,6025956.8
2420,232326.1
2421,287701.7
2422,165448.8
2423,782589.6
2424,4521182.5
2425,1462430.7
2427,2046250.2
2428,2168346.1
2429,2270255.0
2430,1006613.0
2431,747348.1
2432,344331.6
2433,626253.3
2434,795695.0
2435,4702010.0
2436,1276597.6
2437,209786.5
2438,272207.3
2439,346404.1
2440,562063.1
2441,922344.2
2442,86640.2
2443,924331.2
2444,959378.4
2445,2592316.4
2446,1215026.7
2447,440154.1
2448,115961.2
2449,159918.3
2450,1716579.5
2451,660246.4
2452,169737.5
2453,444350.8
2454,1003732.4
2455,260319.9
2456,2308608.7
2457,808672.5
2458,3887111.0
2459,139913.9
2460,948272.6
2461,127307.5
2463,1659860.5
2464,4419575.2
2465,313745.1
2466,895738.1
2467,3265276.5
2468,157534.1
2469,211082.8
2470,2140982.9
2471,5095915.3
2472,2029023.8
2473,185822.5
2474,252609.4
2475,735078.9
2476,509437.9
2477,243219.4
2479,870132.1
2480,1506896.6
2481,85100.0
2482,1485901.9
2483,1343565.2
2484,2301899.2
2485,107151.3
2486,6910402.4
2487,475696.3
2488,397684.1
2489,795144.2
2490,1410726.7
2491,531742.5
2492,208350.7
2493,1419788.7
2494,4868985.6
2495,66400.0
2496,1005186.8
2497,940179.9
2498,705909.9
2499,571012.5
2500,226360.3
2501,2267321.1
2502,329372.2
2503,1479806.1
2504,3069596.5
2505,253084.8
2506,2225635.4
2507,390171.3
2508,583874.5
2509,1886680.5
2510,2735354.8
2511,1631185.1
2513,587155.1
2514,1371430.4
2515,1249341.1
2516,1377431.3
2517,1659311.3
2519,754147.6
2520,307922.0
2521,2200617.6
2522,1771676.5
2523,444677.6
2524,583457.0
2525,832477.3
2526,352365.0
2527,5627031.7
2528,572129.8
2530,1582684.3
2531,269564.0
2532,2530914.7
2533,545696.8
2534,843019.3
2535,738752.4
2536,605881.4
2537,2483642.2
2538,728274.6
2539,221778.3
2540,666016.4
2541,1484834.9
2542,888199.5
2543,815531.5
2544,447058.0
2545,699659.8
2546,1820334.4
2547,2303020.4
2548,476867.0
2549,750089.7
2550,1208776.1
2551,2816496.6
2552,2519962.6
2553,1535787.8
2554,3500414.0
2555,2881512.0
2556,73631.4
2557,716840.8
2558,85611.9
2559,1083998.9
2560,343951.7
2561,1162628.3
2562,253812.3
2563,698324.1
2564,769623.4
2565,489436.3
2566,143406.8
2567,284832.0
2568,2849622.2
2569,722072.6
2570,208453.0
2571,2290457.4
2572,5248307.6
2573,262204.6
2574,2392122.4
2575,245525.9
2576,4193695.0
2577,472754.4
2578,267810.6
2579,153045.5
2580,1026321.0
2581,2935312.5
2582,2918866.5
2583,147054.9
2584,536130.6
2585,2301639.2
2586,1494828.2
2587,328831.9
2588,2305092.9
2589,267359.3
2590,143100.8
2591,346981.6
2592,1696143.4
2593,1227572.6
2594,1454383.8
2595,187739.8
2596,338754.0
2597,895985.8
2598,2734425.7
2599,2817664.4
2600,4070520.2
2601,59900.0
2602,769098.6
2603,299462.9
2604,350690.6
2605,524918.4
2606,457425.0
2607,362968.0
2608,781409.9
2609,4532707.3
2610,291391.6
2611,1109413.3
2612,964712.6
2613,619608.7
2614,170509.3
2615,1161755.0
2616,2826146.8
2617,376041.0
2618,887785.7
2619,749798.5
2620,967221.0
2621,380627.0
2622,862198.6
2623,879024.4
2624,1998625.6
2625,3202519.4
2627,479521.5
2628,4739570.6
2629,1076172.1
2630,1521018.5
2631,199374.8
2632,2196122.0
2633,4591076.8
2634,536764.2
2635,2255155.4
2636,228208.7
2637,896583.2
2638,2355663.1
2639,3554145.3
2640,918361.0
2641,3098100.1
2642,1242363.1
2644,145632.1
2645,1735211.1
2646,1694930.2
2647,2058923.6
2648,721557.0
2649,1573937.6
2650,1193503.5
2651,5405675.9
2652,1288978.2
2653,1136952.8
2654,647468.5
2655,1190135.9
2656,195351.2
2657,208488.2
2658,70723.1
2659,526797.4
2660,5616257.0
2661,422330.8
2662,585977.4
2663,574419.2
2664,1905590.2
2665,996112.8
2666,399237.3
2667,389887.5
2668,606523.7
2670,3740009.4
2671,480000.1
2672,131629.4
2673,1613905.4
2674,551449.8
2675,657419.3
2676,2342295.9
2677,1188672.6
2678,1348322.0
2679,201179.0
2680,1880020.0
2681,2371411.5
2684,225151.30000000002
2685,222340.8
2686,414815.6
2687,820098.8
2688,377095.1
2689,1006937.7
2690,260647.4
2691,106998.2
2692,397343.3
2693,405102.9
2694,2746040.1
2695,2799697.2
2696,198038.1
2697,1117400.3
2698,248473.2
2699,2293691.6
2700,4043410.1
2701,1474537.6
2702,1832608.7
2703,70436.2
2705,2734057.8
2706,89600.0
2707,3522227.8
2708,1499635.3
2709,144536.5
2710,2522097.5
2711,2883303.2
2712,908328.9
2713,693494.5
2714,1015479.7
2715,79286.9
2716,1583151.8
2717,182027.2
2718,577666.3
2719,405323.0
2720,2073922.5
2721,469475.5
2722,172260.2
2723,905804.3
2724,920661.4
2725,879542.9
2726,2131451.3
2727,1179455.9
2728,1053220.3
2729,1353953.0
2730,202135.0
2731,1889888.3
2732,5059817.9
2733,398304.7
2734,450033.7
2736,1352089.4
2737,1204906.2
2738,1907049.3
2739,915762.0
2740,2693556.6
2741,3403028.5
2742,1698410.3
2743,832976.5
2744,677605.7
2745,606488.3
2746,347133.3
2747,662024.5
2749,4682157.3
2750,693780.2
2751,686147.4
2752,553583.5
2753,1610386.3
2754,3122189.8000000003
2755,522970.6
2756,618685.1
2757,178934.4
2758,1280713.2
2759,1699724.2
2760,694488.5
2761,910896.3
2762,7399357.6
2763,6273891.4
2764,945049.7
2765,276904.2
2766,293909.9
2767,1340309.9
2768,560548.9
2770,579575.2
2771,2710028.6
2772,880807.6
2773,1061901.6
2774,444116.6
2775,830558.2
2776,139336.0
2777,61600.0
2778,1687956.4
2779,2441489.6
2780,1068295.0
2781,690827.9
2782,1233235.1
2783,540758.5
2784,155860.9
2787,540927.5
2788,1541484.6
2789,1645050.9
2790,1816999.7
2791,113865.3
2792,250103.5
2793,415311.0
2794,766018.9
2795,1164670.8
2796,1139907.8
2797,863643.0
2798,2256162.8
2799,4503889.4
2800,824339.7
2801,283950.1
2802,575133.1
2803,2809480.0
2804,491948.2
2805,177043.7
2806,361936.4
2807,871006.8
2808,550840.4
2809,1558385.4
2810,1142231.1
2811,3300884.3
2812,1546327.5
2813,1879108.2
2814,601453.5
2816,739798.1
2817,2004907.1
2818,5780995.4
2819,2065764.7
2820,104200.59999999999
2821,583092.4
2823,444207.6
2824,2045520.2
2825,1502400.7
2826,782433.9
2827,1048808.8
2829,167258.4
2830,1240143.3
2831,658613.3
2832,68102.2
2833,341431.5
2834,1568870.4
2835,401337.6
2836,1547408.4
2837,1423110.3
2838,7365804.7
2839,1950997.2
2840,3082649.1
2841,1311626.7
2842,370719.2
2843,793559.2
2844,1537281.2
2845,720479.4
2846,166440.7
2847,1067700.7
2849,822186.0
2850,62367.3
2851,666282.3
2852,72400.0
2853,363808.6
2854,955669.2
2855,295251.7
2856,1395465.5
2857,1824049.3
2858,894829.9
2859,4362100.7
2860,1357391.1
2861,820010.9
2862,3519290.9
2863,781867.0
2864,1056718.1
2865,1204363.2
2866,1470840.0
2867,3129966.3
2868,517472.9
2869,275612.7
2870,624382.2
2871,488425.4
2872,749676.7
2873,824114.5
2874,119061.2
2875,857850.8
2876,2559169.7
2877,4149211.2
2878,236355.0
2879,334353.4
2880,2478945.4
2881,1392674.0
2882,997015.9
2883,172469.7
2884,1132521.8
2885,1114095.8
2886,815213.4
2887,1348412.2
2888,239999.0
2889,2631823.1
2890,1734520.3
2891,766406.0
2892,40700.0
2893,214242.3
2894,6009278.5
2895,2728091.8
2896,433398.4
2897,1853326.5
2898,892176.7
2899,1017529.0
2900,214562.3
2901,363492.3
2902,3100230.6
2903,2660764.8
2904,1237677.3
2905,1389838.2
2906,974839.8
2907,856861.2
2908,721423.8
2909,817941.0
2910,1320835.1
2911,1168395.7
2912,5610280.7
2913,528268.1
2914,511532.1
2915,6769370.2
2916,687518.3
2917,1014495.5
2918,889391.8
2919,1330096.2
2920,609819.0
2921,818422.8
2922,3315386.3
2923,384873.6
2924,1151331.3
2925,1066436.0
2926,1701464.1
2927,486797.5
2928,649562.1
2929,2528939.1
2930,2387999.3
2931,361871.7
2932,5608772.8
2933,5018901.5
2934,1913271.4
2935,257114.5
2936,859679.1
2937,204587.5
2938,6226227.3
2939,186575.7
2940,3023569.3
2942,187704.6
2944,587753.1
2945,335927.3
2946,247413.7
2947,280501.3
2949,634913.2
2950,1257416.3
2951,1639255.8
2952,182478.2
2953,417800.5
2954,1019253.2
2955,256933.7
2956,546089.1
2957,1879550.0
2958,656775.2
2959,4766297.7
2960,1495027.7
2961,264147.5
2962,4846354.8
2963,787436.4
2964,189656.1
2965,409135.9
2966,1745137.3
2967,753421.3
2968,3608885.1
2969,84100.0
2970,1480626.6
2971,2477446.7
2972,4555198.1
2973,957615.1
2974,744661.3
2976,1006541.5
2977,2440971.8
2978,599257.7
2979,120446.1
2980,589793.1
2981,176939.2
2982,3303860.4
2983,387665.8
2985,618151.7
2986,1569328.8
2987,3176167.0
2988,2117215.8
2989,604964.9
2990,327950.7
2991,3224763.7
2992,402158.5
2993,2751190.9
2994,1328154.7
2995,489644.9
2996,1619135.0
2997,124250.8
2998,652142.6
2999,315880.0
3000,1045369.1
3001,1032845.5
3003,702050.0
3004,243742.2
3005,1120284.3
3006,607297.4
3007,3438256.5
3008,927028.5
3009,271663.4
3010,323952.2
3011,406804.0
3012,179037.2
3013,107645.5
3014,3342949.9
3015,173055.1
3016,1116942.9
3017,2157961.2
3018,1398253.9
3019,1180357.4
3020,402942.5
3021,1366951.3
3022,229089.6
3023,156980.2
3024,308449.0
3025,139994.0
3026,3114599.7
3027,269069.6
3028,525288.6
3029,264909.3
3030,323401.6
3031,167175.4
3032,834847.9
3033,53205.4
3035,6421043.8
3036,2005784.3
3037,2323553.6
3038,3430808.2
3039,1339503.2
3040,175377.5
3041,344600.6
3042,2075596.3
3043,187388.7
3044,210024.3
3045,501902.9
3046,156200.4
3047,476339.3
3048,275946.6
3049,421970.2
3050,6079276.8
3051,3892869.0
3052,207209.6
3053,1788775.4
3055,391208.7
3056,501123.5
3057,646306.0
3058,2093846.0
3059,1048135.3
3060,780111.7
3061,210505.9
3062,125079.4
3063,443292.2
3064,1505693.3
3066,792435.1
3067,320671.0
3068,818448.6
3069,3425286.7
3070,580990.2
3071,1376216.1
3072,3252589.1
3074,3537911.9
3075,156963.7
3076,558010.3
3077,582264.8
3078,423170.3
3079,221634.1
3080,406057.4
3082,309245.9
3083,997892.6
3084,1643052.1
3085,475987.1
3086,2772489.8
3087,338001.5
3088,1592562.4
3089,2556939.7
3090,1631326.9
3091,2111373.8
3092,395599.4
3093,1161184.2
3094,1978756.7
3096,2950976.2
3097,151934.7
3098,515232.2
3099,801405.8
3100,778981.9
3101,325528.7
3102,432260.6
3103,137328.0
3104,172116.4
3105,65104.9
3106,921511.3
3107,692229.7
3108,416951.7
3109,1707806.2
3110,430104.3
3111,1547507.9
3112,4823288.0
3113,4682039.8
3114,478849.5
3115,2306532.6
3116,1252908.6
3117,742108.5
3118,1174547.9
3119,109731.8
3120,321183.1
3121,286814.7
3122,396337.1
3124,1346927.8
3125,361368.5
3126,384175.9
3127,4392788.6
3128,691298.0
3129,813479.8
3130,343941.0
3131,1718727.9
3132,602290.2
3133,2780145.1
3134,2384250.7
3135,2555192.0
3136,1615006.5
3137,1281130.2
3138,248163.2
3139,425954.4
3140,317312.0
3141,1621655.8
3142,599312.2
3143,579366.3
3144,391679.7
3145,654482.4
3146,522017.0
3147,1224125.7
3148,333468.5
3149,556930.1
3151,819837.6
3152,1669544.4
3153,3640624.3
3154,798203.8
3155,1156886.0
3156,873804.1
3157,774761.5
3158,151504.6
3160,2624186.3
3161,1551426.3
3162,1513929.2
3163,1677931.0
3164,714362.0
3166,4153098.9
3167,2331285.9
3168,859309.3
3169,464411.5
3170,629879.1
3171,598976.2
3172,95689.7
3173,556041.0
3174,98321.3
3175,250373.6
3176,182948.1
3177,237722.6
3178,172830.5
3179,856135.0
3180,1053272.2
3181,847977.7
3182,880679.1
3183,768549.0
3184,578918.9
3185,472341.6
3186,1933412.3
3187,71360.9
3188,739323.5
3189,1452144.3
3190,524098.6
3191,577014.1
3192,660082.6
3193,1381561.9
3194,579778.1
3195,736194.1
3196,621602.1
3197,343910.4
3199,1287944.9
3200,2046181.0
3201,1223359.8
3202,168907.7
3203,253588.5
3204,761168.6
3205,289454.5
3206,1186405.3
3208,1303998.8
3209,415899.3
3210,3561189.0
3211,96054.6
3212,560044.6
3213,408844.8
3214,143929.6
3216,3114328.2
3217,1572412.5
3218,375672.5
3219,1434364.0
3220,2848425.9
3221,655209.0
3222,404773.7
3223,3817777.1
3224,319231.4
3225,2722816.2
3226,585190.5
3227,1519662.8
3228,2378752.5
3229,2461455.6
3230,3112670.2
3231,474930.6
3232,240409.3
3233,3132854.3
3234,363605.4
3235,1845261.1
3236,180620.3
3237,2419925.3
3238,1674166.5
3239,1314846.6
3240,1783915.4
3241,763827.5
3242,469260.0
3243,830185.4
3244,290004.5
3245,226640.2
3246,1122307.3
3247,514407.2
3248,291998.9
3249,1150134.0
3250,535316.0
3251,234529.5
3252,242304.1
3253,4109440.4
3254,725371.3
3255,149579.3
3256,563587.0
3258,3716723.0
3259,473401.7
3260,6270956.8
3261,1379125.5
3262,908409.6
3263,106959.3
3264,615493.6
3265,2874395.5
3266,159645.6
3267,1742351.2
3268,417859.5
3269,2715280.0
3270,1659652.5
3271,208892.9
3272,1232449.2
3273,3915480.2
3274,731230.2
3275,840665.5
3276,168619.8
3277,2363220.9
3278,1629458.7
3279,3119101.2
3280,986811.3
3281,183778.7
3282,249021.4
3283,2769560.1
3284,1168962.2
3285,180363.2
3286,2863553.0
3287,3061566.1
3288,550347.6
3289,1525361.0
3290,2072957.6
3291,256718.7
3292,562681.8
3293,1653969.1
3294,836089.3
3296,3285667.8
3297,1559047.9
3298,1046065.5
3299,787369.7
3300,1466582.2
3301,1140118.6
3302,572192.4
3303,1590647.4
3304,557100.3
3305,487670.4
3306,1680586.6
3307,937827.3
3308,1040668.1
3309,2021863.0
3310,612975.7
3311,2377140.4
3312,194323.8
3314,319082.4
3315,978530.5
3316,2283413.9
3317,242817.6
3318,166801.2
3319,539617.0
3320,216132.3
3321,743672.2
3322,1616692.2
3323,2984355.7
3324,229550.80000000002
3325,1052799.2
3326,4014052.2
3327,1634515.7
3328,188576.1
3329,1075420.3
3330,3548599.2
3331,660091.7
3332,334064.5
3333,182259.5
3334,297577.3
3335,202090.4
3336,574117.0
3337,2476615.9
3338,1057431.2
3339,462028.5
3342,472101.1
3343,793849.1
3344,1787626.2
3345,510532.3
3346,851732.0
3347,288062.4
3348,1899920.0
3349,1291959.1
3350,505073.1
3351,360646.7
3352,683039.4
3353,1974671.0
3354,1453534.7
3355,619393.3
3357,525384.4
3358,207505.2
3359,253646.3
3360,385094.8
3361,1448728.2
3362,1187227.8
3363,356796.5
3364,4113052.9
3365,159846.0
3366,1009002.1
3367,3438756.8
3368,1298277.8
3369,596784.0
3370,3250831.3
3371,4116512.1
3372,2817027.1
3373,1419873.7
3374,3642787.9
3375,523041.7
3376,1038529.5
3377,1110677.3
3378,1563866.8
3379,672432.4
3380,918068.0
3381,694651.2
3382,486850.6
3383,175464.7
3384,437730.7
3385,144493.1
3386,3226816.3
3387,1732400.2
3389,3194663.2
3390,1020353.0
3391,2527382.3
3392,910568.2
3393,624170.1
3394,332389.4
3395,665956.7
3396,403514.1
3397,1234389.2
3398,214612.4
3399,975213.0
3401,673432.4
3402,4399829.7
3403,1403540.2
3404,503636.1
3405,2543659.2
3406,140558.8
3407,2863010.5
3408,2791075.9
3409,322874.4
3410,1347681.9
3411,689478.6
3412,260356.4
3413,1403991.6
3415,204037.9
3417,502909.6
3418,2240813.5
3419,1324474.0
3421,1831354.0
3422,1682105.3
3423,188780.0
3424,4697002.3
3425,486715.6
3426,1614558.3
3427,1370960.7
3428,425410.0
3429,769911.4
3430,236881.8
3431,1216649.5
3432,342400.4
3433,129656.3
3434,174926.0
3435,595637.5
3436,262424.0
3437,2971875.4
3438,250317.8
3439,1263928.9
3440,1423638.6
3442,217937.8
3443,224342.9
3444,587589.6
3445,1373495.4
3446,2579462.0
3448,1309039.9
3449,452006.4
3450,2018064.9
3451,1283202.8
3452,219312.2
3453,2025651.7
3454,329176.7
3455,2344785.9
3456,787694.5
3457,409244.5
3458,341570.9
3459,1236214.6
3460,1035997.8
3461,56400.0
3462,720071.5
3463,408794.2
3464,774426.8
3465,1465157.8
3466,2326266.4
3467,1673441.0
3468,779547.9
3469,767723.6
3470,206987.9
3471,1028420.9
3472,1202747.8
3474,264407.1
3476,960057.9
3477,403748.2
3478,933429.8
3479,1668790.2
3480,1836927.3
3482,440449.2
3483,393764.6
3484,2874634.5
3485,898969.0
3486,298091.5
3487,2477471.5
3489,1666436.8
3490,94100.0
3491,1193144.3
3492,1808745.4
3493,420281.1
3494,319653.5
3495,1530373.6
3496,1208351.2
3497,2189455.1
3498,453607.6
3499,2453392.4
3501,495417.6
3502,1609020.6
3503,2249262.6
3504,316950.3
3505,3182600.7
3506,477001.2
3507,3069164.1
3508,1155616.2
3509,702236.1
3510,5619323.4
3511,297926.5
3512,61050.2
3513,2862409.8
3514,470523.6
3515,251246.9
3516,1665248.1
3517,652068.7
3518,1385985.1
3519,336007.1
3520,1538384.8
3521,7401229.2
3522,412936.3
3523,84305.9
3524,164484.4
3525,392380.3
3526,3511310.4
3527,1237280.9
3528,2740291.1
3529,667981.2999999999
3530,435670.4
3531,413030.8
3532,1055507.6
3533,417442.1
3534,929603.8
3535,387872.1
3536,658020.1
3537,256012.6
3538,3248434.6
3539,799763.9
3540,217143.3
3541,213878.1
3542,434786.5
3543,172164.5
3544,769005.0
3545,3043717.4
3546,1051447.4
3547,506965.1
3548,710230.2
3549,260988.2
3550,875856.0
3551,505068.0
3552,1090744.2
3553,1315610.0
3554,990079.8
3555,2322969.9
3556,631359.7
3557,155132.2
3558,6358102.7
3559,1061198.2
3560,240699.9
3561,100789.5
3562,2537116.6
3563,1143709.7
3564,384242.8
3565,202823.4
3566,837149.6
3567,2961110.5
3568,335490.6
3569,369277.6
3570,988283.4
3571,863118.4
3572,445445.0
3573,197654.1
3574,177450.9
3575,1149582.8
3576,378033.7
3577,534636.1
3578,933522.2
3579,2675800.1
3580,2041870.0
3581,454001.0
3582,225102.0
3583,485340.9
3584,2148623.3
3585,349898.2
3586,1893781.9
3587,274055.3
3588,370257.5
3589,1947245.0
3590,1474975.5
3591,1676434.4
3592,857672.6
3593,2377621.6
3594,3135944.9
3595,1480073.7
3596,1267648.4
3597,2640294.7
3598,437776.5
3599,599482.5
3600,818628.1
3601,461605.2
3602,2215198.6
3603,552313.4
3604,802341.5
3605,1735652.7
3606,458900.1
3608,2604070.7
3609,2926883.3
3610,110110.0
3612,1597260.5
3613,1325807.7
3614,1867830.1
3615,562046.6
3616,34700.0
3617,2172244.0
3618,2330260.0
3620,223030.0
3621,922423.3
3622,2700488.5
3623,437197.2
3624,2021725.3
3625,716695.5
3626,723903.8
3628,1266265.4
3629,2303440.2
3631,378035.4
3632,935642.1
3633,585359.0
3634,2048997.2
3635,183192.0
3636,1437732.8
3637,1286843.7
3638,2542008.4
3639,217329.1
3640,787850.6
3641,297886.6
3643,87400.0
3644,467921.7
3645,1018236.4
3646,4006596.9
3647,607617.1
3648,297953.5
3649,2668176.7
3650,1480205.7
3651,688299.4
3652,252248.9
3653,2633589.2
3654,2902632.5
3655,1181811.1
3656,672787.2
3657,136403.1
3658,213342.6
3659,648811.0
3660,758514.2
3661,325515.8
3662,726108.6
3663,2669681.7
3664,2457856.4
3665,569634.6
3667,694731.2
3668,73700.0
3669,1095918.5
3670,584501.7
3671,125605.3
3672,1344085.0
3673,267060.7
3674,6941710.4
3675,6936835.1
3676,289029.3
3677,257425.6
3678,1600794.8
3679,1660409.3
3680,372066.4
3681,930449.0
3682,914614.6
3683,3228665.1
3684,763892.8
3686,90673.8
3687,1594332.3
3688,2064997.2
3689,2303671.7
3690,1282165.7
3691,902441.9
3692,171782.1
3693,2580885.1
3694,771917.1
3695,590790.0
3696,1415347.1
3697,1894153.0
3698,79344.4
3699,2739773.0
3700,767558.2
3701,736822.0
3702,1605588.6
3703,98366.0
3704,859733.3
3705,1520740.6
3706,554925.6
3708,327621.5
3709,850543.7
3710,1183047.3
3711,768064.3
3712,610609.0
3713,5621797.0
3714,3747378.4
3715,33100.0
3716,59200.0
3717,1888602.5
3718,485806.0
3719,488257.7
3720,691014.2
3721,216784.5
3722,335878.2
3723,554021.2
3724,313138.7
3725,1494911.5
3726,2039168.5
3727,961587.5
3728,1285904.2
3729,378268.4
3730,491692.4
3731,164825.7
3732,155421.2
3733,2476394.3
3734,850380.8
3735,4027859.4
3736,423495.5
3737,602435.9
3738,2840881.2
3739,820824.6
3741,417609.5
3742,165318.9
3743,1454216.9
3745,4237075.4
3746,1209684.9
3747,1281871.1
3748,409159.9
3749,1389925.7
3750,1966481.9
3751,2710013.8
3752,1761164.8
3753,511876.7
3754,2136510.0
3755,3126920.2
3756,3767152.6
3757,947067.6
3758,645766.5
3759,558132.8
3760,5438918.5
3763,940436.3
3764,371045.7
3765,142260.6
3766,1215155.8
3767,914213.0
3768,1299968.6
3769,408723.1
3770,1565493.0
3771,3666563.8
3772,1881127.2
3773,212690.2
3774,788736.7
3775,801279.5
3776,1266157.8
3777,284065.7
3778,3241459.9
3779,1019998.7
3780,450231.8
3781,3564530.6
3782,1296499.6
3783,741961.6
3784,628988.8
3785,3907371.2
3786,5923504.0
3787,3135415.5
3788,1083290.6
3789,1713590.1
3790,1013917.0
3791,1894973.2
3792,679307.4
3793,742612.3
3794,883692.4
3795,1335373.8
3796,2249824.6
3797,113918.7
3798,516133.2
3799,867281.7
3800,447520.1
3801,1374663.9
3802,302623.7
3803,622524.3
3804,3920229.9
3805,1433550.0
3806,1541470.4
3807,1669031.7
3808,2219115.1
3809,566358.5
3810,508701.9
3811,238212.9
3812,433183.9
3813,332364.1
3814,54000.0
3815,1852158.0
3816,96400.0
3817,1038918.2
3818,2753196.2
3819,588482.2
3820,1770526.8
3821,618726.4
3822,2633354.9
3823,338775.6
3824,1168287.3
3825,522130.7
3826,808017.7
3827,996662.0
3828,80729.6
3830,719085.0
3832,623429.6
3833,966040.1
3834,2216813.5
3835,2160912.5
3836,611662.0
3837,2068285.3
3838,1510934.6
3839,3015840.7
3840,671357.4
3841,400304.4
3842,167440.1
3843,389681.7
3844,445144.8
3845,2277162.6
3846,110052.5
3847,1799802.5
3848,711490.3
3849,1792923.2
3850,2816986.6
3851,886172.6
3852,137915.9
3854,254928.1
3855,1904781.4
3856,236780.7
3857,73866.0
3858,516857.3
3859,1797724.2
3860,1355338.8
3861,1157958.0
3862,2597879.8
3863,1824879.3
3864,1999371.7
3865,1968957.0
3866,328976.1
3867,501180.3
3868,669831.9
3869,5576966.9
3870,255802.4
3871,578479.1
3872,663202.1
3874,925136.4
3875,1142986.5
3876,3492052.8
3877,1133544.7
3878,386258.0
3880,372345.1
3881,545219.2
3882,536382.3
3883,956007.7
3884,468756.8
3885,238549.8
3886,3574357.5
3887,264615.6
3888,110301.3
3889,93142.4
3890,721538.6
3891,2247891.5
3892,410916.4
3893,286559.2
3894,326591.3
3895,934738.3
3896,2906599.8
3897,896287.7
3898,737867.9
3899,1231015.2
3901,553234.4
3902,897196.1
3903,1780262.6
3904,150253.2
3905,1385436.2
3906,1242219.8
3907,1863653.8
3908,207655.1
3909,3733984.8
3910,196062.7
3911,53932.3
3912,671428.7
3913,823547.3
3914,1821006.0
3915,3441676.3
3916,535178.2
3917,1463860.2
3918,1239032.1
3919,495963.8
3920,3579405.3
3921,3384384.0
3922,150487.2
3923,3237338.9
3924,305055.2
3925,3273798.9
3926,520899.8
3927,842024.9
3928,407635.2
3930,1810597.2
3931,1452207.9
3932,391194.7
3933,1092656.7
3934,134774.2
3935,3383807.2
3936,398653.4
3937,357438.2
3938,3024137.1
3939,1178442.6
3940,1726211.7
3941,134943.1
3942,2442734.6
3943,184895.1
3944,1437537.7
3945,84345.2
3946,1084541.6
3947,1540080.6
3948,1964035.8
3949,356500.9
3950,778110.4
3951,236205.9
3952,423694.5
3953,1265791.8
3954,802078.3
3955,1184740.3
3956,611232.4
3957,1926525.7
3958,557315.8
3959,896416.7
3960,660453.7
3961,151417.6
3962,76200.0
3963,373943.0
3964,138812.1
3965,2320679.6
3966,293045.2
3967,2395968.3
3968,1280620.2
3969,2514332.2
3970,3059661.4
3971,1159956.3
3972,2325571.4
3973,852799.0
3974,1109168.2
3975,332455.9
3976,387346.7
3977,578288.7
3978,2211296.2
3979,783810.6
3980,1417451.9
3981,312657.9
3982,388039.6
3983,2228220.2
3984,181353.8
3985,124891.3
3986,410158.2
3987,349449.1
3988,241608.9
3989,348595.2
3990,1280174.5
3991,307861.6
3992,483396.2
3993,1461366.5
3994,2406746.6
3995,851691.5
3996,208607.2
3997,1017332.7
3998,1136424.3
3999,2165080.4
4000,1052129.7
4001,103767.5
4003,1832838.7
4008,89300.0
4009,3058733.7
4010,809257.1
4013,1844394.3
4014,4182710.2
4026,1292245.3
4033,648745.1
4034,1007732.0
4035,4334780.9
4047,2424421.4
4052,1023568.9
4055,3123960.0
4059,135768.9
4066,3861568.8
4069,258733.4
4071,1232242.8
4078,3580288.8
4079,4943003.7
4081,1078087.5
4082,2173043.5
4086,2598169.9
4088,2026586.3
4090,71402.6
4091,523654.9
4092,795202.3
4093,810751.2
4099,1193199.2
4102,183089.3
4103,3833671.6
4105,596189.2
4109,582992.5
4116,1399307.5
4119,627166.1
4121,649065.4
4127,576619.3
4128,836495.7
4130,766931.7
4131,5242155.2
4132,125504.0
4134,4684578.0
4140,567775.0
4143,644653.8
4144,2022833.0
4150,629071.7
4156,980676.4
4158,870672.5
4159,962416.1
4161,1078104.3
4171,3964878.2
4173,461352.5
4186,1237159.1
4190,1114248.9
4195,5112269.7
4204,219843.80000000002
4208,157774.8
4214,2504283.9
4225,3183608.0
4237,3698294.3
4240,4283351.8
4245,1853455.7
4253,3101834.7
4254,989416.9
4255,4608526.5
4258,2499077.7
4259,5438813.6
4260,3269041.8
4263,595193.6
4264,2798684.2
4266,821568.2
4268,628933.0
4269,2611613.0
4273,1586228.6
4276,4057843.4
4283,2238592.4
4286,947785.4
4287,890772.3
4293,2699565.9
4296,2876934.1
4301,484693.2
4309,77729.2
4318,6872363.4
4320,2877718.4
4321,6513937.4
4328,803674.3
4329,1061888.3
4330,2695524.7
4332,658311.3
4336,1294587.1
4337,5075329.5
4342,2553947.7
4343,2013983.3
4346,3123703.1
4347,891534.7
4349,1860920.3
4350,3270163.2
4352,3440265.0
4354,1632096.7
4355,1022453.8
4356,895970.2
4358,2076373.6
4361,3330548.5
4368,1330011.6
4375,2680152.2
4377,5251537.1
4379,380259.9
4383,2202662.1
4385,916351.9
4386,525664.4
4389,872464.8
4405,1562790.1
4408,4091389.1
4413,4279384.7
4414,1793660.2
4415,2209081.1
4416,882177.2
4418,1713932.1
4423,2712538.2
4424,600289.1
4427,1617538.9
4434,4989705.5
4437,853519.2
4438,394960.9
4439,368047.6
4442,786680.6
4445,415681.9
4447,1953573.4
4448,4689696.8
4454,516647.6
4456,2207213.3
4458,244905.6
4462,1940836.7
4463,1066411.0
4467,647627.1
4470,5409917.3
4471,1132731.9
4473,1987125.9
4475,726180.4
4476,1539398.5
4478,3361439.8
4480,474176.9
4484,4773864.4
4488,615082.8
4493,1172966.3
4503,3892353.6
4511,996696.5
4514,6329873.2
4519,123991.4
4526,1598872.5
4527,901534.7000000001
4533,1820240.5
4534,216050.6
4537,1810169.7
4538,93354.7
4543,684599.4
4550,427744.4
4576,2752835.2
4580,3929811.2
4585,870511.0
4588,326552.6
4589,518636.9
4596,3097350.8
4616,1739616.7
4618,1395558.1
4626,2076377.6
4631,1106022.5
4650,832243.2
4659,3689292.4
4660,1614548.8
4681,1800567.7
4715,2592791.3
4725,1205352.6
4727,3606060.0
4729,391675.5
4743,5652045.4
4746,2399345.8
4753,576027.7
4768,2638558.3
4774,2980939.8
4784,1023434.4
4794,884751.2
4803,375719.6
4825,1350457.5
4851,2820972.8
4852,1007201.4
4858,1611314.5
4863,2711482.8
4894,4237685.8
4907,1952986.3
4937,5179029.4
4948,2101579.2
4949,2069950.6
4969,2797848.4
4981,1773146.5
4994,2100329.3
4995,3096660.1
4999,2181055.9
5001,3100306.0
5011,4866812.6
5024,772252.6
5033,659421.0
5063,1000963.2
5065,3948807.6
5066,2387805.4
5072,1701827.3
5092,559506.7
5118,793071.5
5120,4469648.8
5125,2242998.1
5126,856016.0
5129,6939091.1
5133,1893311.3
5164,288358.6
5180,885233.0
5181,1021982.3
5194,3354114.5
5196,1697424.3
5213,4033301.6
5215,2226418.5
5228,7117524.8
5250,1912006.7
5256,3642021.2
5263,968525.3
5267,2867844.9
5269,1293856.5
5270,6937453.1
5283,1445567.6
5290,955910.4
5305,1746067.3
5313,4957008.3
5317,854326.4
5343,1867849.7
5357,1047421.6
5358,2242945.9
5362,1566473.1
5366,4657379.6
5369,970317.2
5372,4790257.4
5385,2346763.1
5387,1419659.8
5395,1779318.2
5422,4686627.2
5423,3963988.2
5428,4661952.6
5429,794882.3
5442,4338747.4
5445,652544.6
5472,744282.5
5477,3673691.4
5481,5008621.8
5483,2749514.0
5505,2437857.8
5541,881745.0
5546,3723712.1
5572,883332.4
5574,5459717.8
5591,1551015.9
5593,3629308.2
5602,2020074.2
5622,5242040.8
5628,1645404.9
5632,4506990.8
5648,1748848.0
5650,2621164.4
5661,2562770.5
5692,1088537.0
5698,1267473.2
5700,1451880.2
5708,885299.5
5724,2774333.1
5726,1741148.4
5735,3217251.9
5740,3662563.1
5742,2458866.5
5758,1223820.9
5767,1367245.1
5774,1805703.3
5794,1930959.1
5817,2824693.6
5837,1801959.4
5868,4414052.3
5870,1277979.3
5878,565514.6
5891,5134747.6
5912,1056184.0
5927,1919803.8
5944,846907.3
5952,4888203.2
5984,2136210.5
5991,2173107.7
6030,2784644.7
6034,4468707.4
6040,3268769.1
6051,1414263.7
6061,944685.4
6062,2324580.9
6064,321723.7
6075,407793.2
6083,2500617.2
6097,321147.7
6118,3032913.2
6138,821310.3
6148,2927453.6
6157,2635578.8
6158,1009940.5
6226,5779370.5
6265,2235757.0
6273,3593880.6
6281,1858237.7
6289,3478728.2
6306,492002.1
6321,2860349.3
6353,3206844.3
6358,3187404.4
6363,1649907.6
6397,1775698.1
6400,2053488.4
6425,1909091.4
6434,2615644.3
6440,1441478.0
6453,348050.2
6461,1970823.4
6463,2705645.7
6472,4900473.3
6473,5475280.6
6495,1182397.5
6505,378296.0
6510,1775054.8
6511,3052239.2
6512,999891.3
6555,4243596.7
6592,3306479.7
6602,580015.8
6609,2248893.1
6636,3751130.5
6649,2007620.6
6678,4104026.6
6686,2145329.5
6688,556392.7
6699,1410358.8
6701,6336079.0
6706,674139.5
6715,2585946.2
6738,2153863.5
6792,826611.5
6806,3221103.0
6856,1815093.3
6866,715608.3
6872,1986732.5
6897,4750518.8
6902,592581.4
6910,3003694.6
6922,1427036.9
6924,2932792.6
6927,1459570.6
6930,3324594.2
6950,1366072.0
6985,3669467.6
7011,3736994.2
7033,323974.5
7045,1841608.5
7049,1502705.8
7052,564030.4
7082,752857.9
7099,1788005.9
7101,991367.3
7123,6326820.5
7133,745930.7
7136,3127560.6
7156,742105.2
7176,1244270.6
7180,950377.2
7181,1970722.2
7184,2051450.1
7190,1246253.9
7203,2044668.7
7231,5649362.2
7240,1075664.9
7262,1026143.3
7274,787336.8
7401,3157613.4
7418,1574907.9
7424,2961775.2
7437,574625.4
7445,4787826.4
7449,824569.6
7454,698964.2
7465,581475.8
7485,3266687.2
7487,2456821.4
7520,1195123.0
7523,2339378.1
7542,1094706.2
7546,2375762.3
7559,286060.2
7562,3908326.8
7565,1370283.1
7594,2440577.1
7606,4094533.5
7607,2095080.5
7614,3976122.6
7618,2219564.3
7632,1271768.7
7636,1362747.0
7637,1452302.2
7674,2806112.2
7713,1297813.1
7721,856175.7
7733,2737084.6
7745,2034227.2
7753,6346623.2
7765,3006992.0
7769,5364644.3
7774,3781365.8
7795,4997272.7
7815,3141566.8
7819,1298770.9
7824,3405684.4
7828,705865.0
7844,4208565.7
7857,5347214.7
7859,3459805.2
7861,1728095.2
7890,609578.7
7894,2889584.6
7907,2071077.3
7926,2369851.4
7944,2623896.6
7957,3660689.0
7965,3352292.1
7966,1402302.9
7990,2878739.3
7997,2791817.4
8026,1040274.0
8027,5473619.0
8038,1288991.9
8039,1901807.9
8041,5601309.3
8051,3966074.3
8073,5190125.5
8085,2112028.7
8092,966956.9
8094,2511850.8
8114,1517414.8
8127,4798360.8
8129,2912953.2
8132,3775132.7
8149,1304101.6
8153,1860338.8
8158,2533286.8
8159,1127535.7
8169,898897.2
8173,5747542.2
8212,5858456.7
8225,987028.5
8260,6075871.0
8261,3241919.1
8268,789710.0
8316,4508100.4
8320,1523626.9
8321,1805687.8
8327,2572064.1
8330,3137644.5
8341,1660724.9
8377,2796736.5
8381,2750901.5
8405,2663870.0
8411,2361485.0
8475,1089597.1
8489,2392613.6
8492,1395686.1
8505,702287.6
8519,5581760.8
8523,2527429.9
8533,3134030.3
8547,3408358.7
8558,2032180.8
8564,5258136.9
8566,3063510.4
8625,6332027.3
8628,1530267.7
8639,637949.3
8645,639156.7
8680,1082894.0
8688,929536.8
8713,758008.9
8742,778244.5
8759,4199034.1
8772,751250.6
8776,1483751.3
8784,2052077.5999999999
8856,4174333.8
8896,3384064.1
8899,4663429.4
8919,267071.7
8926,854050.9
8931,3835512.9
8934,2449921.2
8957,3428482.6
8972,1422317.3
8982,4389204.8
8998,1835505.1
9006,4509795.1
9017,1018331.2
9024,1148856.8
9030,1776459.1
9031,761984.1
9034,3290859.6
9037,853518.6
9041,4379955.4
9051,815114.9
9052,3159773.1
9093,2705331.4
9104,3437890.4
9138,1597311.7
9140,490891.1
9153,468383.7
9156,594111.8
9159,1024535.2
9167,1440226.5
9179,1054614.4
9188,1961962.3
9192,2623547.1
9199,1030612.9
9201,2433822.6
9203,6516182.3
9208,873654.4
9225,2562288.7
9227,207302.5
9235,1400718.6
9236,2070506.8
9241,1672910.5
9242,604041.2
9263,1329932.8
9265,5590851.2
9307,4964542.0
9333,2201141.9
9337,3172463.5
9353,2393987.4
9377,2787620.5
9403,2675014.6
9422,3171046.7
9424,702313.0
9433,577714.5
9455,2114401.1
9472,4485996.6
9484,381210.3
9491,2727539.8
9493,2273360.0
9494,1066244.2
9504,2813106.9
9510,1006312.8
9513,1392690.8
9528,1599936.0
9548,1117135.2
9549,2205474.3
9560,1015014.8
9583,5439566.5
9591,4371077.3
9627,4705145.5
9631,1005871.2
9633,2662498.4
9635,643982.6
9640,3450210.8
9645,2644555.7
9646,1781302.8
9656,5595682.4
9673,623290.4
9677,778484.8
9703,4804066.9
9707,5150639.5
9730,529135.3
9731,2031675.6
9750,4306929.0
9790,3639202.8
9814,3657355.7
9826,2042321.7
9828,4607543.0
9833,7037938.1
9859,1885597.4
9869,3044394.3
9883,4488095.8
9897,1989455.7
9928,1025705.8
10001,1454569.3
10005,969764.7
10018,1784894.3
10019,2606930.8
10022,1118742.1
10036,2937328.6
10049,726972.6
10063,2197366.6
10065,4191021.7
10068,1720467.5
10079,5318335.7
10093,4696528.6
10105,5903640.0
10131,2894047.5
10134,1836741.5
10148,643027.0
10152,779071.5
10202,1585775.4
10215,953532.6
10220,1159819.3
10227,3888081.2
10233,1752291.2
10243,2360449.6
10257,2248023.8
10266,4400789.2
10280,1834055.1
10297,1718716.9
10320,3752935.1
10343,357820.2
10345,745895.2
10351,701091.2
10361,2820120.0
10364,2341732.6
10365,3136559.9
10404,1239253.8
10411,2396349.2
10436,528116.0
10439,5010866.8
10440,1191019.0
10445,1569781.3
10451,2244846.5
10478,2308494.1
10493,1651752.0
10520,2334939.5
10558,2163590.4
10562,2798222.5
10607,2007906.5
10613,974904.4
10630,1616173.5
10644,1683958.5
10645,2531327.1
10650,1610717.4
10652,1349888.1
10656,2778815.3
10663,5658114.7
10670,5504312.7
10679,2036348.5
10694,1204236.6
10710,1382074.1
10711,1333182.7
10728,2155128.3
10738,5091422.1
10762,1541631.4
10774,424433.4
10788,2241619.8
10789,3263166.7
10799,186245.5
10807,2346888.0
10812,1037972.4
10857,1348458.9
10884,2281914.4
10904,800942.1
10905,525003.3
10906,4190954.1
10911,3287343.7
10915,768879.9
10940,3281827.4
10942,6275675.7
10954,787961.1
10963,3309420.3
10973,6246852.0
11013,6376283.8
11021,5041763.7
11027,854249.9
11042,3673716.9
11053,1804272.9
11054,1477648.7
11065,1773880.9
11069,2286264.8
11079,4041890.8
11096,1214997.1
11111,5552105.3
11123,1043600.7
11135,2100479.6
11138,5371586.0
11141,1696208.3
11186,4222458.4
11231,2185883.5
11244,2013634.6
11265,1284916.4
11271,1045427.8
11295,2880850.7
11317,2168077.9
11320,2518593.1
11325,978399.6
11327,559881.6
11328,1326820.0
11333,3295795.5
11349,3957372.2
11359,2948081.4
11362,1330010.5
11382,2623161.9
